{
  "params1": {
    "n_estimators": 400,
    "learning_rate": 0.19769413075432102,
    "num_leaves": 300,
    "max_depth": 6,
    "min_child_samples": 24,
    "min_child_weight": 0.001531796316235897,
    "subsample": 0.6418576996102223,
    "colsample_bytree": 0.5443264914774266,
    "reg_alpha": 0.14995286476292372,
    "reg_lambda": 0.11587274872281386,
    "path_smooth": 2.5800222778415454,
    "extra_trees": true,
    "n_jobs": -1,
    "random_state": 42,
    "verbose": -1
  },
  "params2": {
    "n_estimators": 697,
    "learning_rate": 0.012248705748303624,
    "num_leaves": 92,
    "max_depth": 5,
    "min_child_samples": 92,
    "min_child_weight": 0.08668699132701772,
    "subsample": 0.5576853975469375,
    "colsample_bytree": 0.7108797747191183,
    "reg_alpha": 4.7547432593757115,
    "reg_lambda": 1.2894614106640765,
    "path_smooth": 2.7129330598182513,
    "extra_trees": false,
    "n_jobs": -1,
    "random_state": 42,
    "verbose": -1
  },
  "objective1": "regression",
  "objective2": "regression",
  "prop_model": "lgb",
  "feat_set": "top25_ext",
  "sw_mode": "none",
  "val_segment": "adv >= 0.4",
  "search_uplift10_overlap": 19.277393480948106,
  "oof_uplift10_full": 21.39238755389355,
  "trials_completed": 2
}