{
  "params": {
    "n_estimators": 798,
    "learning_rate": 0.02198724687450408,
    "num_leaves": 72,
    "min_child_samples": 35,
    "subsample": 0.643470122581265,
    "colsample_bytree": 0.7281904841416579,
    "reg_alpha": 0.3217870390623861,
    "reg_lambda": 0.1634894109910857,
    "n_jobs": -1,
    "random_state": 42,
    "verbose": -1
  },
  "feat_set": "top25_ext",
  "val_uplift10": 17.29366247362441
}