{
  "params1": {
    "n_estimators": 1195,
    "learning_rate": 0.049132806123369725,
    "num_leaves": 60,
    "max_depth": 8,
    "min_child_samples": 55,
    "min_child_weight": 0.003523469559385255,
    "subsample": 0.515349286249441,
    "colsample_bytree": 0.48979936945711433,
    "reg_alpha": 0.055822758378404336,
    "reg_lambda": 3.8951124221883067,
    "path_smooth": 1.8610159063791452,
    "extra_trees": false,
    "n_jobs": -1,
    "random_state": 42,
    "verbose": -1,
    "subsample_freq": 3,
    "tweedie_variance_power": 1.0109173712358979
  },
  "params2": {
    "n_estimators": 722,
    "learning_rate": 0.10039534307590675,
    "num_leaves": 78,
    "max_depth": 7,
    "min_child_samples": 93,
    "min_child_weight": 0.4343492631984977,
    "subsample": 0.6525438404113486,
    "colsample_bytree": 0.9050031956865467,
    "reg_alpha": 0.8007830707842751,
    "reg_lambda": 0.014675584189491657,
    "path_smooth": 1.2571804868189196,
    "extra_trees": false,
    "n_jobs": -1,
    "random_state": 42,
    "verbose": -1
  },
  "objective1": "tweedie",
  "objective2": "regression_l1",
  "prop_model": "logreg",
  "feat_set": "top25_ext",
  "sw_mode": "overlap",
  "bootstrap_n": 200,
  "ci_alpha": 0.8,
  "adv_val_thresh": 0.3,
  "search_ci_lower": 19.507633565329805,
  "final_oof_point": 19.86680130133206,
  "final_oof_ci_lower": 19.642457903726136,
  "final_oof_ci_upper": 22.898633873015257,
  "trials_completed": 59
}