{
  "results": {
    "T-Learner": {
      "uplift@10": 0.05535585214762109,
      "ci80_lo": 0.049588442457013014,
      "ci80_hi": 0.06139462006482128,
      "qini_auc": 0.026630733698426307,
      "elapsed_sec": 185.9
    },
    "Hurdle T-Learner": {
      "uplift@10": 0.05206693082310093,
      "ci80_lo": 0.04863818710280248,
      "ci80_hi": 0.05819651119540541,
      "qini_auc": 0.02648353993714775,
      "elapsed_sec": 353.6
    },
    "X-Learner": {
      "uplift@10": 0.05754775495552969,
      "ci80_lo": 0.05208656468620396,
      "ci80_hi": 0.06294728237827861,
      "qini_auc": 0.030434228807311024,
      "elapsed_sec": 460.9
    },
    "DR-Learner": {
      "uplift@10": 0.04950183291336743,
      "ci80_lo": 0.04443052235185315,
      "ci80_hi": 0.055046414814514055,
      "qini_auc": 0.02911810750260135,
      "elapsed_sec": 643.5
    },
    "Hurdle DR-Learner": {
      "uplift@10": 0.029912347449514362,
      "ci80_lo": 0.026054935157638112,
      "ci80_hi": 0.03362488518823748,
      "qini_auc": 0.0160036017468828,
      "elapsed_sec": 1216.7
    },
    "Per-Channel Hurdle": {
      "uplift@10": 0.042344177943235084,
      "ci80_lo": 0.0382463774847995,
      "ci80_hi": 0.04867961726822721,
      "qini_auc": 0.024130889803393202,
      "elapsed_sec": 1008.0
    },
    "Optuna Hurdle": {
      "uplift@10": 0.05152941755858198,
      "ci80_lo": 0.04702905088205825,
      "ci80_hi": 0.05720064376504096,
      "qini_auc": 0.02680875092409717,
      "elapsed_sec": 951.3
    },
    "Rank Ensemble": {
      "uplift@10": 0.0605127828893742,
      "ci80_lo": 0.055141065989418876,
      "ci80_hi": 0.06571980632208381,
      "qini_auc": 0.03196201183357279,
      "elapsed_sec": 0.2
    }
  },
  "best_model": "Rank Ensemble",
  "best_uplift10": 0.0605127828893742,
  "best_optuna_params": {
    "n_estimators": 948,
    "learning_rate": 0.04607895004978547,
    "num_leaves": 64,
    "min_child_samples": 56,
    "subsample": 0.6125930990654449,
    "colsample_bytree": 0.7332147514127495,
    "reg_alpha": 0.0010130937322004334,
    "reg_lambda": 0.019201659908144538,
    "n_jobs": -1,
    "random_state": 42,
    "verbose": -1
  },
  "best_feat_cols": [
    "communication_type",
    "age",
    "n_days_life",
    "gendercalc",
    "n_plastic_card",
    "n_virtual_card",
    "rto",
    "atv",
    "mtv",
    "p_25_tv",
    "p_75_tv",
    "mxtv",
    "mntv",
    "stdtv",
    "n_trn",
    "n_sites",
    "n_formats",
    "n_regions",
    "rto_format_1",
    "rto_format_2",
    "rto_format_3",
    "n_days_last_visit",
    "n_sku",
    "n_cat_7",
    "n_cat_6",
    "n_cat_5",
    "avg_days_btw_trn",
    "p_25_days_btw_trn",
    "p_50_days_btw_trn",
    "p_75_days_btw_trn",
    "min_days_btw_trn",
    "max_days_btw_trn",
    "n_redeem",
    "cus_cat_7_rto",
    "cus_cat_7_atv",
    "cus_cat_7_std",
    "cus_cat_7_n_days",
    "cus_cat_7_n_sku",
    "cus_cat_6_rto",
    "cus_cat_6_atv",
    "cus_cat_6_std",
    "cus_cat_6_n_days",
    "cus_cat_6_n_sku",
    "cus_cat_5_rto",
    "cus_cat_5_atv",
    "cus_cat_5_std",
    "cus_cat_5_n_days",
    "cus_cat_5_n_sku",
    "cus_cat_7_n_days_big_period",
    "cus_cat_days_7_diff_mean",
    "cus_cat_days_7_diff_min",
    "cus_cat_days_7_diff_max",
    "cus_cat_days_7_diff_std",
    "cus_cat_7_last_1_2_days",
    "cus_cat_7_last_2_3_days",
    "cus_cat_7_max_min_days_diff",
    "cus_cat_7_last_1_days",
    "cus_cat_7_last_2_days",
    "cus_cat_7_last_3_days",
    "cus_cat_6_n_days_big_period",
    "cus_cat_days_6_diff_mean",
    "cus_cat_days_6_diff_min",
    "cus_cat_days_6_diff_max",
    "cus_cat_days_6_diff_std",
    "cus_cat_6_last_1_2_days",
    "cus_cat_6_last_2_3_days",
    "cus_cat_6_max_min_days_diff",
    "cus_cat_6_last_1_days",
    "cus_cat_6_last_2_days",
    "cus_cat_6_last_3_days",
    "cus_cat_5_n_days_big_period",
    "cus_cat_days_5_diff_mean",
    "cus_cat_days_5_diff_min",
    "cus_cat_days_5_diff_max",
    "cus_cat_days_5_diff_std",
    "cus_cat_5_last_1_2_days",
    "cus_cat_5_last_2_3_days",
    "cus_cat_5_max_min_days_diff",
    "cus_cat_5_last_1_days",
    "cus_cat_5_last_2_days",
    "cus_cat_5_last_3_days",
    "cus_mark_fav_cat_accept_flg_1_month_ago",
    "cus_mark_fav_cat_accept_flg_2_month_ago",
    "cus_mark_n_offers",
    "cus_mark_n_view",
    "cus_mark_n_rule",
    "cat7_share",
    "cat6_share",
    "cat5_share",
    "mkt_resp_rate",
    "mkt_view_rate",
    "recency_ratio",
    "spend_cv",
    "trn_density",
    "cat_breadth_ratio",
    "cat7_vs_last_visit"
  ],
  "feature_cols_all": [
    "communication_type",
    "age",
    "n_days_life",
    "gendercalc",
    "n_plastic_card",
    "n_virtual_card",
    "rto",
    "atv",
    "mtv",
    "p_25_tv",
    "p_75_tv",
    "mxtv",
    "mntv",
    "stdtv",
    "n_trn",
    "n_sites",
    "n_formats",
    "n_regions",
    "rto_format_1",
    "rto_format_2",
    "rto_format_3",
    "n_days_last_visit",
    "n_sku",
    "n_cat_7",
    "n_cat_6",
    "n_cat_5",
    "avg_days_btw_trn",
    "p_25_days_btw_trn",
    "p_50_days_btw_trn",
    "p_75_days_btw_trn",
    "min_days_btw_trn",
    "max_days_btw_trn",
    "n_redeem",
    "cus_cat_7_rto",
    "cus_cat_7_atv",
    "cus_cat_7_std",
    "cus_cat_7_n_days",
    "cus_cat_7_n_sku",
    "cus_cat_6_rto",
    "cus_cat_6_atv",
    "cus_cat_6_std",
    "cus_cat_6_n_days",
    "cus_cat_6_n_sku",
    "cus_cat_5_rto",
    "cus_cat_5_atv",
    "cus_cat_5_std",
    "cus_cat_5_n_days",
    "cus_cat_5_n_sku",
    "cus_cat_7_n_days_big_period",
    "cus_cat_days_7_diff_mean",
    "cus_cat_days_7_diff_min",
    "cus_cat_days_7_diff_max",
    "cus_cat_days_7_diff_std",
    "cus_cat_7_last_1_2_days",
    "cus_cat_7_last_2_3_days",
    "cus_cat_7_max_min_days_diff",
    "cus_cat_7_last_1_days",
    "cus_cat_7_last_2_days",
    "cus_cat_7_last_3_days",
    "cus_cat_6_n_days_big_period",
    "cus_cat_days_6_diff_mean",
    "cus_cat_days_6_diff_min",
    "cus_cat_days_6_diff_max",
    "cus_cat_days_6_diff_std",
    "cus_cat_6_last_1_2_days",
    "cus_cat_6_last_2_3_days",
    "cus_cat_6_max_min_days_diff",
    "cus_cat_6_last_1_days",
    "cus_cat_6_last_2_days",
    "cus_cat_6_last_3_days",
    "cus_cat_5_n_days_big_period",
    "cus_cat_days_5_diff_mean",
    "cus_cat_days_5_diff_min",
    "cus_cat_days_5_diff_max",
    "cus_cat_days_5_diff_std",
    "cus_cat_5_last_1_2_days",
    "cus_cat_5_last_2_3_days",
    "cus_cat_5_max_min_days_diff",
    "cus_cat_5_last_1_days",
    "cus_cat_5_last_2_days",
    "cus_cat_5_last_3_days",
    "cus_mark_fav_cat_accept_flg_1_month_ago",
    "cus_mark_fav_cat_accept_flg_2_month_ago",
    "cus_mark_n_offers",
    "cus_mark_n_view",
    "cus_mark_n_rule",
    "cat7_share",
    "cat6_share",
    "cat5_share",
    "mkt_resp_rate",
    "mkt_view_rate",
    "recency_ratio",
    "spend_cv",
    "trn_density",
    "cat_breadth_ratio",
    "cat7_vs_last_visit"
  ],
  "feature_cols_top": [
    "cus_cat_7_rto",
    "n_redeem",
    "cus_cat_7_atv",
    "cus_cat_5_rto",
    "cus_cat_5_std",
    "mntv",
    "n_days_life",
    "cus_cat_5_atv",
    "cus_cat_7_n_days_big_period",
    "cus_cat_7_std",
    "cus_mark_n_offers",
    "cus_cat_6_rto",
    "rto_format_1",
    "age",
    "cus_mark_n_view",
    "n_sku",
    "cus_cat_6_std",
    "cus_cat_6_atv",
    "cus_cat_5_max_min_days_diff",
    "cus_mark_n_rule",
    "p_25_tv",
    "cus_cat_7_max_min_days_diff",
    "mxtv",
    "rto_format_3",
    "avg_days_btw_trn",
    "cat7_share",
    "cat6_share",
    "cat5_share",
    "mkt_resp_rate",
    "mkt_view_rate",
    "recency_ratio",
    "spend_cv",
    "trn_density",
    "cat_breadth_ratio",
    "cat7_vs_last_visit"
  ],
  "new_features": [
    "cat7_share",
    "cat6_share",
    "cat5_share",
    "mkt_resp_rate",
    "mkt_view_rate",
    "recency_ratio",
    "spend_cv",
    "trn_density",
    "cat_breadth_ratio",
    "cat7_vs_last_visit"
  ]
}