{
  "uplift_at_10_train": 0.38788416704489337,
  "qini_auc_train": 0.3787871523330636,
  "qini_auc_norm_train": 0.00019581627322502843
}