communication_type,n_control,n_treatment,pct_control,pct_treatment,total
com_type_1,59720,58589,0.5047798561394314,0.4952201438605685,118309
com_type_2,59633,58833,0.503376496209883,0.496623503790117,118466
com_type_3,59861,58610,0.5052797731090309,0.4947202268909691,118471
