segment,n,n_t1,n_t0,mean_t1,mean_t0,uplift,ci80_lo,ci80_hi,p_value,zero_pct_t1,zero_pct_t0
<7d,19474,9744,9730,68.77649835796389,62.95247995889003,5.824018399073857,3.7669172359157015,8.220007814290433,0.0355196150835128,70.8435960591133,72.01438848920864
7-30d,72032,35716,36316,45.70700890357263,40.4127527811433,5.294256122429331,4.2423689489334695,6.217352559669268,8.12289705827369e-11,79.21659760331504,81.07721114660205
30-90d,83708,41240,42468,23.2695509214355,19.91994748987473,3.3496034315607695,2.659001765777521,3.9478455613158845,1.7512199767557015e-09,89.08341416100873,90.31506075162476
>90d,180032,89332,90700,8.310418886849058,6.387311245865491,1.9231076409835675,1.624464992601462,2.2171338196939963,4.3413859951397683e-16,96.13240496126808,96.83241455347299
