segment,n,n_t1,n_t0,mean_t1,mean_t0,uplift,ci80_lo,ci80_hi,p_value,zero_pct_t1,zero_pct_t0
<25,58258,29010,29248,18.425590141330577,17.559368503829322,0.8662216375012548,0.17052835357460022,1.6102437830683656,0.06584985903531691,91.1789038262668,91.60626367614879
25-35,97639,48280,49359,26.016665285832644,24.05128487205981,1.9653804137728343,1.2134060210208897,2.6192088079556863,8.07259199724231e-05,88.31400165700083,89.09823942948601
35-50,134011,66361,67650,23.96771688190353,20.118132150776052,3.8495847311274787,3.383003826412613,4.38970556028548,6.243468245893557e-14,89.24970991998312,90.44641537324463
50-65,55075,27329,27746,19.22170441655384,13.567328984358106,5.654375432195735,4.969072834472406,6.4050574715009905,6.29640662081007e-17,91.10102821178967,92.98637641461832
65+,9752,4797,4955,18.881846987700648,12.704205852674068,6.17764113502658,4.566390226737323,7.840014375533653,1.1938756984345576e-06,91.1402960183448,93.72351160443996
