segment,n,n_t1,n_t0,mean_t1,mean_t0,uplift,ci80_lo,ci80_hi,p_value,zero_pct_t1,zero_pct_t0
low,88822,44475,44347,8.736147048903879,7.097543915033712,1.6386031338701672,1.1570594489923376,2.0302236465491057,9.103004623902382e-06,95.63799887577291,96.21845897129457
mid_low,88799,43975,44824,16.453838772029563,13.822707031947171,2.6311317400823917,2.123745676619173,3.1123341167425647,7.036125777930727e-11,91.71574758385447,92.86989112975192
mid_high,88816,43949,44867,24.78168991330861,20.728789979272072,4.052899934036539,3.393474071250941,4.671078536740464,1.5858804757851927e-12,88.13169810462126,89.58031515367642
high,88796,43630,45166,41.33449828099931,36.33406101935084,5.000437261648472,4.155487978970267,5.902935236555093,1.0826158755756921e-09,82.98876919550769,84.42855245095868
