segment,n,n_t1,n_t0,mean_t1,mean_t0,uplift,ci80_lo,ci80_hi,p_value,zero_pct_t1,zero_pct_t0
never_resp,168546,83713,84833,15.719964043816374,14.778989308405928,0.9409747354104461,0.5741548706377735,1.35166979118604,0.010151266669141646,92.5877701193363,92.9025261395919
low_resp,90678,44907,45771,21.825945175585098,20.76895479670534,1.0569903788797568,0.3960249916390446,1.5593713673410265,0.022380647665701695,89.64081323624379,90.08761005877084
high_resp,90667,44715,45952,36.99612322486861,27.35756876740947,9.63855445745914,8.866194856217302,10.42585574709494,5.760483657300161e-47,84.0120764844012,87.27585306406685
