communication_type,n_treatment,n_control,mean_t1,mean_t0,uplift_mean,ci80_lo,ci80_hi,zero_pct_t1,zero_pct_t0,prob_buy_uplift,avg_spend_uplift_given_buy,mannwhitney_p
com_type_1,58589,59720,23.173169024902286,19.39502863362358,3.7781403912787077,3.2741764680460994,4.345547016459928,89.43999726911194,90.83556597454789,0.0139556870543594,7.809155515219942,2.5331074477697037e-16
com_type_2,58833,59633,21.31000968844016,19.887402780339745,1.4226069081004162,0.8623920873519961,2.0479990103090957,90.04130335016063,90.64444183589623,0.006031384857356076,1.4107925779019013,0.0004183131941367828
com_type_3,58610,59861,23.77116106466473,19.398774160137652,4.37238690452708,3.7668404242124662,5.009408821872529,89.46425524654495,90.7636023454336,0.0129934709888863,15.598602473670297,6.705664045969057e-15
