segment,n,n_t1,n_t0,mean_t1,mean_t0,uplift,ci80_lo,ci80_hi,p_value,zero_pct_t1,zero_pct_t0
no_affinity,35120,17424,17696,29.834432392102848,25.74205357142857,4.092378820674277,2.955958275266643,5.226524022850157,5.331412099703714e-06,85.2330119375574,86.87273960216999
low,35120,17320,17800,35.25265935334873,30.125443258426966,5.127216094921767,3.754318177855048,6.188214201546572,2.2528319993263032e-08,83.16974595842956,85.28089887640449
medium,35120,17393,17727,42.18152532628069,38.173861341456536,4.0076639848241555,2.7449879345320034,5.515406498295562,0.010174881699851592,80.78537342609096,81.73971907260112
high,35120,17474,17646,62.253381023234525,55.496558993539615,6.756822029694909,5.01296004090259,8.505573881519226,5.9871874304940644e-05,74.59082064781963,76.30057803468208
